MDVP:Fo(Hz),MDVP:Fhi(Hz),MDVP:Flo(Hz),MDVP:Jitter(%),MDVP:Jitter(Abs),MDVP:RAP,MDVP:PPQ,Jitter:DDP,MDVP:Shimmer,MDVP:Shimmer(dB),Shimmer:APQ3,Shimmer:APQ5,MDVP:APQ,Shimmer:DDA,NHR,HNR,RPDE,DFA,spread1,spread2,D2,PPE,Actual_Status,Predicted_Status
3.2378236356838186,0.6353400910613141,1.8757977552302134,0.14895722546090445,0.0,-0.15601212573363807,0.5188762685215251,-0.16311776428038788,4.424286379519741,8.586942056078238,3.293404691300063,3.9705566728378985,5.043703297371328,3.2966829341183295,0.9846618539473224,-9.901110458077405,3.591034992556061,-0.06705430915906166,1.0375458954566323,0.872506695333186,2.781863100454603,0.8629349549377967,,1
